INSERT INTO abogado (cedula, nombres, apellidos, email, telefono, direccion, tarjetap)
VALUES (1, 'nicolas andres', 'rodriguez', 'abogadopedro@abogadosunidos.com', 654321, 'none', 123456),
       (2, 'andres', 'lasso', 'abogadopablo@abogadosunidos.com', 654322, 'none', 45678),
       (3, 'juan', 'perez', 'abogadana@abogadosunidos.com', 654323, 'none', 78945),
       (4, 'juan andres', 'lasso', 'abogadoluis@abogadosunidos.com', 654324, 'none', 789456),
       (5, 'mateo andres', 'perez', 'abogadocarlos@abogadosunidos.com', 654325, 'none', 123456),
       (6, 'camilo', 'perez', 'abogadocamilo@abogadosunidos.com', 654326, 'none', 478946),
       (7, 'pedro', 'perez', 'abogadamaria@abogadosunidos.com', 654327, 'none', 789123),
       (8, 'nesror', 'cardenas', 'abogadarosario@abogadosunidos.com', 654328, 'none', 789456),
       (9, 'pedro andres', 'cardenas', 'abogadopedro@abogadosunidos.com', 654321, 'none', 456123),
       (10, 'andrea ', 'cardenas', 'abogadopablo@abogadosunidos.com', 654322, 'none', 123789),
       (11, 'pepito', 'cardenas', 'abogadana@abogadosunidos.com', 654323, 'none', 445),
       (12, 'pepito andres', 'sanchez', 'abogadoluis@abogadosunidos.com', 654324, 'none', 123489),
       (13, 'julian', 'sanchez', 'abogadocarlos@abogadosunidos.com', 654325, 'none', 78945),
       (14, 'andres julian', 'sanchez', 'abogadocamilo@abogadosunidos.com', 654326, 'none', 212897),
       (15, 'tulio andres', 'sanchez', 'abogadamaria@abogadosunidos.com', 654327, 'none', 78212),
       (16, 'tulio', 'duarte', 'abogadarosario@abogadosunidos.com', 654328, 'none', 56456),
       (17, 'juando', 'duarte', 'abogadocamilo@abogadosunidos.com', 654326, 'none', 35789),
       (18, 'jualian pepito', 'duarte', 'abogadamaria@abogadosunidos.com', 654327, 'none', 7894512),
       (19, 'carlos', 'pelon', 'abogadarosario@abogadosunidos.com', 654328, 'none', 7894532),
       (20, 'nilson', 'pelon', 'abogadarosario@abogadosunidos.com', 654328, 'none', 1234687);

INSERT INTO servicio (idServicio, nombreServicio, ValorServicio)
VALUES (1, 'Demanda penal', 123456),
       (2, 'Demanda civil', 45678),
       (3, 'Demanda laboral', 78945),
       (4, 'Demanda familiar', 789456),
       (5, 'Testamento', 123456),
       (6, 'Patentes', 478946),
       (7, 'Demanda ambientales', 789123),
       (8, 'Demanda', 789456),
       (9, 'Demanda corrupcion', 456123),
       (10, 'Adjudicaturas', 123789),
       (11, 'Demanda vienes', 445),
       (12, 'Demanda alimentos', 123489),
       (13, 'Demanda 1', 78945),
       (14, 'Demanda 2', 212897),
       (15, 'Demanda 3', 78212),
       (16, 'Demanda 4', 56456),
       (17, 'Demanda 5', 35789),
       (18, 'Demanda 6', 7894512),
       (19, 'Demanda 7', 7894532),
       (20, 'Demanda 8', 1234687);

INSERT INTO cliente(cedula, nombres, apellidos, email, telefono, direccion, estrato, ingresos)
VALUES (1111111, 'Carlos Anndris', 'Venado Garcia', 'carlitosgg@gmail.com', '3123123213', 'cra 33 24-12', 1, 121221),
       (1111112, 'Carlota Anndris', 'Vena Garcia', 'carlotagg@gmail.com', '3123123213', 'cra 33 24-12', 1, 121221),
       (1111113, 'Carlitos Anndrus', 'Ven Garcia', 'carlitosgg@gmail.com', '3123123213', 'cra 33 24-12', 2, 121221),
       (1111114, 'Carl endris', 'Nado Garia', 'carlgg@gmail.com', '3123123213', 'cra 33 24-12', 3, 121221),
       (1111115, 'Coral indris', 'Enado Arcia', 'coralgg@gmail.com', '3123123213', 'cra 33 24-12', 1, 121221),
       (1111116, 'Caros dris', 'Venad cia', 'carosgg@gmail.com', '3123123213', 'cra 33 24-12', 1, 121221),
       (1111117, 'Ceral Annis', 'Vendo Gia', 'ceralgg@gmail.com', '3123123213', 'cra 33 24-12', 1, 121221),
       (1111118, 'Cintia Aris', 'Venadi Orcia', 'cintiagg@gmail.com', '3123123213', 'cra 33 24-12', 1, 121221),
       (1111119, 'Carlita Odredris', 'Veo Acia', 'carlitagg@gmail.com', '3123123213', 'cra 33 24-12', 1, 121221),
       (11111110, 'Car Aris', 'Vo Garia', 'cargg@gmail.com', '3123123213', 'cra 33 24-12', 1, 121221),
       (11111111, 'Carmen Lis', 'Veado Grocia', 'carmengg@gmail.com', '3123123213', 'cra 33 24-12', 1, 121221),
       (11111112, 'Cara Indris', 'Venao Garcia', 'caragg@gmail.com', '3123123213', 'cra 33 24-12', 6, 121221),
       (11111113, 'Cardes Snudris', 'Veno Garcia', 'caresgg@gmail.com', '3123123213', 'cra 33 24-12', 7, 121221),
       (11111114, 'Crosti nis', 'Venaso Ercia', 'crostigg@gmail.com', '3123123213', 'cra 33 24-12', 1, 121221),
       (11111115, 'Carl Anndris', 'Venia Cia', 'carlgg@gmail.com', '3123123213', 'cra 33 24-12', 3, 121221),
       (11111116, 'Cares Eris', 'Venaoa Rcia', 'caresgg@gmail.com', '3123123213', 'cra 33 24-12', 2, 121221),
       (11111117, 'Calos Iris', 'Venia irercia', 'calosgg@gmail.com', '3123123213', 'cra 33 24-12', 1, 121221),
       (11111118, 'Crios Onndris', 'Venda Gracia', 'criosgg@gmail.com', '3123123213', 'cra 33 24-12', 4, 121221),
       (11111119, 'Creos Anis', 'Venad Ourcia', 'creosgg@gmail.com', '3123123213', 'cra 33 24-12', 1, 121221),
       (11111120, 'Credos Ais', 'Vea Golia', 'credosgg@gmail.com', '3123123213', 'cra 33 24-12', 1, 121221);

INSERT INTO juzgado (id, tipo, secretario, asistente)
VALUES (1, 'Tipo1', 'Alejandro', 'Camila'),
       (2, 'Tipo1', 'Nicolas', 'Andrea'),
       (3, 'Tipo1', 'Cristhian', 'Cristina'),
       (4, 'Tipo1', 'Sebastian', 'Ana'),
       (5, 'Tipo1', 'Jose', 'Clara'),
       (6, 'Tipo1', 'Edgar', 'Carolina'),
       (7, 'Tipo1', 'Oscar', 'Matha'),
       (8, 'Tipo1', 'Andres', 'Andrea'),
       (9, 'Tipo1', 'Santiago', 'Lorena'),
       (10, 'Tipo1', 'Pepito', 'Erika'),
       (11, 'Tipo1', 'Pepino', 'Maira'),
       (12, 'Tipo1', 'Carlos', 'MariaJose'),
       (13, 'Tipo1', 'German', 'Fernanda'),
       (14, 'Tipo1', 'Alberto', 'Antonia'),
       (15, 'Tipo1', 'Pedro', 'Antonieta'),
       (16, 'Tipo1', 'Juan', 'Pepa'),
       (17, 'Tipo1', 'Deiver', 'Alexandra'),
       (18, 'Tipo1', 'James', 'Carla'),
       (19, 'Tipo1', 'Fandiño', 'Ines'),
       (20, 'Tipo1', 'Maluma', 'Laura');

INSERT INTO juez (id, cedula, nombres, apellidos, email, telefono, direccion, tarjetap, idJusgado)
VALUES (1, 11111111, 'Andres', 'Alvarez', 'andre.gmail.com', '3113113111', 'cll 4 # 4-44', 01, 01),
       (2, 11111112, 'Andrea', 'Alcantara', 'andrea.gmail.com', '3204787111', 'cll 3 # 5-34', 02, 02),
       (3, 11111113, 'Juan', 'Parra', 'juan.gmail.com', '3117653111', 'cll 4 # 5-54', 03, 03),
       (4, 11111114, 'Pedro', 'Perez', 'pedro.gmail.com', '3176513111', 'cll 4 # 4-44', 04, 04),
       (5, 11111115, 'Pepe', 'Ruiz', 'pepe.gmail.com', '3113188811', 'cll 4 # 2-24', 05, 05),
       (6, 11111116, 'sara', 'Ramires', 'sara.gmail.com', '3136513111', 'cll 7 # 1-34', 06, 06),
       (7, 11111117, 'martha', 'Alvarez', 'martha.gmail.com', '3243113111', 'cll 4 # 7-34', 07, 07),
       (8, 11111118, 'Nicolas', 'Ruiz', 'nicolas.gmail.com', '3113234111', 'cll 6 # 11-14', 08, 08),
       (9, 11111119, 'Alejandro', 'Jimenez', 'alejandro.gmail.com', '3654113111', 'cll 78 # 12-14', 09, 09),
       (10, 111111101, 'David', 'Cortez', 'david.gmail.com', '3113777111', 'cll 45 # 12-24', 10, 10),
       (11, 111111111, 'Santiago', 'Rincon', 'santiago.gmail.com', '3113888111', 'cll 54 # 3-44', 11, 11),
       (12, 111111121, 'Sebastian', 'Ulloa', 'sebastian.gmail.com', '3111235111', 'cll 43 # 8-14', 12, 12),
       (13, 111111131, 'Julio', 'Sierra', 'julio.gmail.com', '3116442111', 'cll 41 # 5-24', 13, 13),
       (14, 111111141, 'Christian', 'Medina', 'christian.gmail.com', '3113423111', 'cll 42 # 4-34', 14, 14),
       (15, 111111151, 'Oscar', 'Flores', 'oscar.gmail.com', '3289123111', 'cll 467 # 6-74', 15, 15),
       (16, 111111161, 'Deiver', 'Alcantara', 'deiver.gmail.com', '3165213111', 'cll 47 # 7-14', 16, 16),
       (17, 111111171, 'Alfredo', 'Sandoval', 'alfredo.gmail.com', '3147513111', 'cll 47 # 5-14', 17, 17),
       (18, 111111181, 'Camilo', 'Lopez', 'camilo.gmail.com', '3124313111', 'cll 44 # 3-14', 18, 18),
       (19, 111111191, 'Jose', 'Jerez', 'jose.gmail.com', '3987113111', 'cll 42 # 1-54', 19, 19),
       (20, 111111201, 'Pablo', 'Perez', 'pablo.gmail.com', '3856613111', 'cll 24 # 2-94', 20, 20);

INSERT INTO caso (id, fechaInicio, descripcion, idJuzgado, idCliente, idAbogado)
VALUES (1, '03 - 01 - 2020', '', 20, 11, 10),
       (2, '16 - 01 - 2021', '', 19, 12, 11),
       (3, '15 - 02 - 2020', '', 18, 13, 12),
       (4, '22 - 10 - 2020', '', 17, 14, 13),
       (5, '12 - 06 - 2021', '', 16, 15, 14),
       (6, '12 - 06 - 2021', '', 15, 16, 15),
       (7, '08 - 01 - 2021', '', 14, 17, 16),
       (8, '10 - 11 - 2020', '', 13, 18, 17),
       (9, '08 - 05 - 2020', '', 12, 19, 18),
       (10, '07 - 08 - 2020', '', 11, 20, 19),
       (11, '25 - 03 - 2021', '', 10, 10, 20),
       (12, '25 - 03 - 2021', '', 9, 9, 1),
       (13, '07 - 06 - 2021', '', 8, 8, 2),
       (14, '07 - 06 - 2021', '', 7, 7, 3),
       (15, '07 - 06 - 2021', '', 6, 6, 4),
       (16, '07 - 06 - 2021', '', 5, 5, 5),
       (17, '02 - 06 - 2020', '', 4, 4, 6),
       (18, '02 - 11 - 2020', '', 3, 3, 7),
       (19, '30 - 10 - 2021', '', 2, 2, 8),
       (20, '23 - 06 - 2020', '', 1, 1, 9);

INSERT INTO serviciocaso (idServicioCaso, idservicio, idcaso)
VALUES (1, 2, 3),
       (2, 5, 10),
       (3, 6, 7),
       (4, 1, 10),
       (5, 3, 10),
       (6, 12, 16),
       (7, 5, 13),
       (8, 6, 8),
       (9, 14, 18),
       (10, 13, 18),
       (11, 12, 4),
       (12, 12, 6),
       (13, 8, 6),
       (14, 17, 15),
       (15, 16, 9),
       (16, 12, 13),
       (17, 15, 4),
       (18, 3, 7),
       (19, 6, 15),
       (20, 7, 1);

INSERT INTO factura(id, idservicioCaso, fechaFactura)
VALUES (1, 1, '2019-09-08'),
       (2, 2, '2019-09-01'),
       (3, 3, '2019-09-02'),
       (4, 4, '2019-09-03'),
       (5, 5, '2019-09-04'),
       (6, 6, '2019-09-05'),
       (7, 7, '2019-09-06'),
       (8, 8, '2019-07-06'),
       (9, 9, '2019-09-07'),
       (10, 10, '2019-01-08'),
       (11, 11, '2019-02-08'),
       (12, 12, '2019-03-08'),
       (13, 13, '2019-04-08'),
       (14, 14, '2019-05-08'),
       (15, 15, '2019-06-08'),
       (16, 16, '2019-06-08'),
       (17, 17, '2019-07-08'),
       (18, 18, '2019-08-08'),
       (19, 19, '2019-09-08'),
       (20, 20, '2019-02-08');